Year,Country,Gender,Age_Group,Population
2000,USA,Male,0-14,2289103
2000,USA,Male,15-24,2948552
2000,USA,Male,25-54,897090
2000,USA,Male,55-64,623697
2000,USA,Male,65+,2192433
2000,USA,Female,0-14,187810
2000,USA,Female,15-24,1997832
2000,USA,Female,25-54,1798019
2000,USA,Female,55-64,1310459
2000,USA,Female,65+,2445046
2000,India,Male,0-14,1234346
2000,India,Male,15-24,2512411
2000,India,Male,25-54,2340783
2000,India,Male,55-64,1606863
2000,India,Male,65+,744665
2000,India,Female,0-14,359629
2000,India,Female,15-24,1794405
2000,India,Female,25-54,2002621
2000,India,Female,55-64,1713873
2000,India,Female,65+,1321348
2000,China,Male,0-14,2058686
2000,China,Male,15-24,1183521
2000,China,Male,25-54,527440
2000,China,Male,55-64,632420
2000,China,Male,65+,1097664
2000,China,Female,0-14,1512266
2000,China,Female,15-24,390784
2000,China,Female,25-54,1719771
2000,China,Female,55-64,2081442
2000,China,Female,65+,2159940
2000,Brazil,Male,0-14,227035
2000,Brazil,Male,15-24,779373
2000,Brazil,Male,25-54,1321104
2000,Brazil,Male,55-64,1989442
2000,Brazil,Male,65+,929765
2000,Brazil,Female,0-14,308893
2000,Brazil,Female,15-24,469128
2000,Brazil,Female,25-54,437079
2000,Brazil,Female,55-64,1985984
2000,Brazil,Female,65+,562268
2000,Russia,Male,0-14,2519731
2000,Russia,Male,15-24,2193269
2000,Russia,Male,25-54,525783
2000,Russia,Male,55-64,2780082
2000,Russia,Male,65+,1697874
2000,Russia,Female,0-14,2647574
2000,Russia,Female,15-24,766435
2000,Russia,Female,25-54,2482530
2000,Russia,Female,55-64,2113825
2000,Russia,Female,65+,2816282
2000,Germany,Male,0-14,1525256
2000,Germany,Male,15-24,655870
2000,Germany,Male,25-54,2014133
2000,Germany,Male,55-64,548601
2000,Germany,Male,65+,2108690
2000,Germany,Female,0-14,1353092
2000,Germany,Female,15-24,619726
2000,Germany,Female,25-54,335129
2000,Germany,Female,55-64,658857
2000,Germany,Female,65+,246989
2000,Nigeria,Male,0-14,993962
2000,Nigeria,Male,15-24,1166123
2000,Nigeria,Male,25-54,1424012
2000,Nigeria,Male,55-64,282386
2000,Nigeria,Male,65+,1975435
2000,Nigeria,Female,0-14,1770370
2000,Nigeria,Female,15-24,2060404
2000,Nigeria,Female,25-54,1203326
2000,Nigeria,Female,55-64,2604891
2000,Nigeria,Female,65+,1959605
2000,Japan,Male,0-14,1074922
2000,Japan,Male,15-24,1977112
2000,Japan,Male,25-54,2805637
2000,Japan,Male,55-64,975340
2000,Japan,Male,65+,1113873
2000,Japan,Female,0-14,200738
2000,Japan,Female,15-24,550180
2000,Japan,Female,25-54,1817167
2000,Japan,Female,55-64,257015
2000,Japan,Female,65+,123974
2000,Indonesia,Male,0-14,2863069
2000,Indonesia,Male,15-24,2471253
2000,Indonesia,Male,25-54,1310395
2000,Indonesia,Male,55-64,2963939
2000,Indonesia,Male,65+,1764094
2000,Indonesia,Female,0-14,1023198
2000,Indonesia,Female,15-24,597870
2000,Indonesia,Female,25-54,1759172
2000,Indonesia,Female,55-64,940401
2000,Indonesia,Female,65+,661803
2000,Mexico,Male,0-14,1382355
2000,Mexico,Male,15-24,2486859
2000,Mexico,Male,25-54,1453347
2000,Mexico,Male,55-64,1266801
2000,Mexico,Male,65+,921297
2000,Mexico,Female,0-14,2881638
2000,Mexico,Female,15-24,2696996
2000,Mexico,Female,25-54,1696629
2000,Mexico,Female,55-64,1397612
2000,Mexico,Female,65+,572335
2001,USA,Male,0-14,1254076
2001,USA,Male,15-24,1513297
2001,USA,Male,25-54,1745448
2001,USA,Male,55-64,2794331
2001,USA,Male,65+,1883122
2001,USA,Female,0-14,2213494
2001,USA,Female,15-24,949492
2001,USA,Female,25-54,2703280
2001,USA,Female,55-64,676082
2001,USA,Female,65+,1630605
2001,India,Male,0-14,125914
2001,India,Male,15-24,1411365
2001,India,Male,25-54,2424095
2001,India,Male,55-64,2805489
2001,India,Male,65+,709911
2001,India,Female,0-14,668067
2001,India,Female,15-24,1836404
2001,India,Female,25-54,1508599
2001,India,Female,55-64,1928258
2001,India,Female,65+,995953
2001,China,Male,0-14,2284243
2001,China,Male,15-24,645784
2001,China,Male,25-54,2018271
2001,China,Male,55-64,2651687
2001,China,Male,65+,1431708
2001,China,Female,0-14,2773548
2001,China,Female,15-24,263774
2001,China,Female,25-54,2373670
2001,China,Female,55-64,1051941
2001,China,Female,65+,1994946
2001,Brazil,Male,0-14,1594336
2001,Brazil,Male,15-24,1837579
2001,Brazil,Male,25-54,1979296
2001,Brazil,Male,55-64,440498
2001,Brazil,Male,65+,2538593
2001,Brazil,Female,0-14,2423879
2001,Brazil,Female,15-24,1749031
2001,Brazil,Female,25-54,2137070
2001,Brazil,Female,55-64,964979
2001,Brazil,Female,65+,2854324
2001,Russia,Male,0-14,2651071
2001,Russia,Male,15-24,1258836
2001,Russia,Male,25-54,2937542
2001,Russia,Male,55-64,2672936
2001,Russia,Male,65+,1894405
2001,Russia,Female,0-14,2279852
2001,Russia,Female,15-24,1615016
2001,Russia,Female,25-54,397432
2001,Russia,Female,55-64,1779735
2001,Russia,Female,65+,2533279
2001,Germany,Male,0-14,468185
2001,Germany,Male,15-24,2684531
2001,Germany,Male,25-54,1655234
2001,Germany,Male,55-64,2032374
2001,Germany,Male,65+,2278090
2001,Germany,Female,0-14,1457897
2001,Germany,Female,15-24,853047
2001,Germany,Female,25-54,949367
2001,Germany,Female,55-64,1552950
2001,Germany,Female,65+,1784978
2001,Nigeria,Male,0-14,2893094
2001,Nigeria,Male,15-24,2999342
2001,Nigeria,Male,25-54,913905
2001,Nigeria,Male,55-64,2097118
2001,Nigeria,Male,65+,1220235
2001,Nigeria,Female,0-14,278180
2001,Nigeria,Female,15-24,1069348
2001,Nigeria,Female,25-54,2187489
2001,Nigeria,Female,55-64,235168
2001,Nigeria,Female,65+,1226511
2001,Japan,Male,0-14,2648798
2001,Japan,Male,15-24,1042550
2001,Japan,Male,25-54,1310474
2001,Japan,Male,55-64,2606890
2001,Japan,Male,65+,2223208
2001,Japan,Female,0-14,1367807
2001,Japan,Female,15-24,296421
2001,Japan,Female,25-54,2507131
2001,Japan,Female,55-64,486281
2001,Japan,Female,65+,430159
2001,Indonesia,Male,0-14,2243406
2001,Indonesia,Male,15-24,2079651
2001,Indonesia,Male,25-54,1071451
2001,Indonesia,Male,55-64,1484127
2001,Indonesia,Male,65+,2592907
2001,Indonesia,Female,0-14,1432748
2001,Indonesia,Female,15-24,1481147
2001,Indonesia,Female,25-54,179200
2001,Indonesia,Female,55-64,2116733
2001,Indonesia,Female,65+,452893
2001,Mexico,Male,0-14,257422
2001,Mexico,Male,15-24,2709427
2001,Mexico,Male,25-54,1463297
2001,Mexico,Male,55-64,1775457
2001,Mexico,Male,65+,879774
2001,Mexico,Female,0-14,921329
2001,Mexico,Female,15-24,2851664
2001,Mexico,Female,25-54,1292843
2001,Mexico,Female,55-64,572087
2001,Mexico,Female,65+,1020177
2002,USA,Male,0-14,1183243
2002,USA,Male,15-24,978112
2002,USA,Male,25-54,2264309
2002,USA,Male,55-64,816327
2002,USA,Male,65+,1763536
2002,USA,Female,0-14,130585
2002,USA,Female,15-24,2299056
2002,USA,Female,25-54,515430
2002,USA,Female,55-64,1507957
2002,USA,Female,65+,883916
2002,India,Male,0-14,2777746
2002,India,Male,15-24,2061998
2002,India,Male,25-54,2361413
2002,India,Male,55-64,1542676
2002,India,Male,65+,2125516
2002,India,Female,0-14,1466700
2002,India,Female,15-24,2172214
2002,India,Female,25-54,2526419
2002,India,Female,55-64,1159589
2002,India,Female,65+,1750767
2002,China,Male,0-14,1138639
2002,China,Male,15-24,913283
2002,China,Male,25-54,2462247
2002,China,Male,55-64,1934059
2002,China,Male,65+,1661442
2002,China,Female,0-14,775394
2002,China,Female,15-24,1476498
2002,China,Female,25-54,2706415
2002,China,Female,55-64,2979484
2002,China,Female,65+,2502048
2002,Brazil,Male,0-14,2598252
2002,Brazil,Male,15-24,960416
2002,Brazil,Male,25-54,1364061
2002,Brazil,Male,55-64,391008
2002,Brazil,Male,65+,109889
2002,Brazil,Female,0-14,2565378
2002,Brazil,Female,15-24,2039933
2002,Brazil,Female,25-54,2430259
2002,Brazil,Female,55-64,2624999
2002,Brazil,Female,65+,2788269
2002,Russia,Male,0-14,2534749
2002,Russia,Male,15-24,2882259
2002,Russia,Male,25-54,1884924
2002,Russia,Male,55-64,1182140
2002,Russia,Male,65+,2776376
2002,Russia,Female,0-14,2729122
2002,Russia,Female,15-24,2246650
2002,Russia,Female,25-54,2873544
2002,Russia,Female,55-64,319759
2002,Russia,Female,65+,616757
2002,Germany,Male,0-14,1007275
2002,Germany,Male,15-24,1348275
2002,Germany,Male,25-54,1564419
2002,Germany,Male,55-64,1886412
2002,Germany,Male,65+,2771146
2002,Germany,Female,0-14,1681585
2002,Germany,Female,15-24,2834436
2002,Germany,Female,25-54,1585704
2002,Germany,Female,55-64,1943098
2002,Germany,Female,65+,2089995
2002,Nigeria,Male,0-14,1642009
2002,Nigeria,Male,15-24,971170
2002,Nigeria,Male,25-54,1384356
2002,Nigeria,Male,55-64,2780739
2002,Nigeria,Male,65+,709546
2002,Nigeria,Female,0-14,2260147
2002,Nigeria,Female,15-24,404610
2002,Nigeria,Female,25-54,2461966
2002,Nigeria,Female,55-64,2236067
2002,Nigeria,Female,65+,151802
2002,Japan,Male,0-14,2981110
2002,Japan,Male,15-24,1206075
2002,Japan,Male,25-54,1680936
2002,Japan,Male,55-64,685337
2002,Japan,Male,65+,2370020
2002,Japan,Female,0-14,1005512
2002,Japan,Female,15-24,2757701
2002,Japan,Female,25-54,951378
2002,Japan,Female,55-64,551616
2002,Japan,Female,65+,2988056
2002,Indonesia,Male,0-14,1302461
2002,Indonesia,Male,15-24,2403897
2002,Indonesia,Male,25-54,2521193
2002,Indonesia,Male,55-64,1315889
2002,Indonesia,Male,65+,1701276
2002,Indonesia,Female,0-14,2511252
2002,Indonesia,Female,15-24,1284715
2002,Indonesia,Female,25-54,2894712
2002,Indonesia,Female,55-64,2321510
2002,Indonesia,Female,65+,1540549
2002,Mexico,Male,0-14,1816480
2002,Mexico,Male,15-24,367562
2002,Mexico,Male,25-54,1410811
2002,Mexico,Male,55-64,894407
2002,Mexico,Male,65+,1870383
2002,Mexico,Female,0-14,2191699
2002,Mexico,Female,15-24,624019
2002,Mexico,Female,25-54,2052565
2002,Mexico,Female,55-64,199579
2002,Mexico,Female,65+,107939
2003,USA,Male,0-14,2993482
2003,USA,Male,15-24,2430073
2003,USA,Male,25-54,1744170
2003,USA,Male,55-64,2990592
2003,USA,Male,65+,2118792
2003,USA,Female,0-14,441242
2003,USA,Female,15-24,2162752
2003,USA,Female,25-54,2739086
2003,USA,Female,55-64,354047
2003,USA,Female,65+,1837661
2003,India,Male,0-14,1118093
2003,India,Male,15-24,1397574
2003,India,Male,25-54,632183
2003,India,Male,55-64,2878508
2003,India,Male,65+,2502145
2003,India,Female,0-14,324594
2003,India,Female,15-24,1787837
2003,India,Female,25-54,1987130
2003,India,Female,55-64,2682894
2003,India,Female,65+,1144645
2003,China,Male,0-14,1284921
2003,China,Male,15-24,1808799
2003,China,Male,25-54,2157561
2003,China,Male,55-64,1177494
2003,China,Male,65+,664376
2003,China,Female,0-14,2250708
2003,China,Female,15-24,2497328
2003,China,Female,25-54,2299795
2003,China,Female,55-64,1111136
2003,China,Female,65+,2187539
2003,Brazil,Male,0-14,1398323
2003,Brazil,Male,15-24,1869975
2003,Brazil,Male,25-54,1966786
2003,Brazil,Male,55-64,2227425
2003,Brazil,Male,65+,737910
2003,Brazil,Female,0-14,1971002
2003,Brazil,Female,15-24,1997485
2003,Brazil,Female,25-54,571014
2003,Brazil,Female,55-64,2004044
2003,Brazil,Female,65+,195267
2003,Russia,Male,0-14,902931
2003,Russia,Male,15-24,2897018
2003,Russia,Male,25-54,839451
2003,Russia,Male,55-64,823623
2003,Russia,Male,65+,1926892
2003,Russia,Female,0-14,317465
2003,Russia,Female,15-24,1438932
2003,Russia,Female,25-54,1114683
2003,Russia,Female,55-64,1527065
2003,Russia,Female,65+,2835469
2003,Germany,Male,0-14,2596785
2003,Germany,Male,15-24,2172059
2003,Germany,Male,25-54,662515
2003,Germany,Male,55-64,332259
2003,Germany,Male,65+,976517
2003,Germany,Female,0-14,1110754
2003,Germany,Female,15-24,1900341
2003,Germany,Female,25-54,2443098
2003,Germany,Female,55-64,1967296
2003,Germany,Female,65+,1476697
2003,Nigeria,Male,0-14,2016871
2003,Nigeria,Male,15-24,657134
2003,Nigeria,Male,25-54,1478841
2003,Nigeria,Male,55-64,826759
2003,Nigeria,Male,65+,872332
2003,Nigeria,Female,0-14,2631143
2003,Nigeria,Female,15-24,2915735
2003,Nigeria,Female,25-54,1454271
2003,Nigeria,Female,55-64,124612
2003,Nigeria,Female,65+,1029909
2003,Japan,Male,0-14,2219029
2003,Japan,Male,15-24,1700080
2003,Japan,Male,25-54,245504
2003,Japan,Male,55-64,768355
2003,Japan,Male,65+,1162270
2003,Japan,Female,0-14,1367388
2003,Japan,Female,15-24,131168
2003,Japan,Female,25-54,2199049
2003,Japan,Female,55-64,1054395
2003,Japan,Female,65+,933128
2003,Indonesia,Male,0-14,809713
2003,Indonesia,Male,15-24,1219897
2003,Indonesia,Male,25-54,1007160
2003,Indonesia,Male,55-64,681561
2003,Indonesia,Male,65+,750019
2003,Indonesia,Female,0-14,1159902
2003,Indonesia,Female,15-24,322885
2003,Indonesia,Female,25-54,2865548
2003,Indonesia,Female,55-64,1767574
2003,Indonesia,Female,65+,1347957
2003,Mexico,Male,0-14,541923
2003,Mexico,Male,15-24,1944325
2003,Mexico,Male,25-54,191381
2003,Mexico,Male,55-64,2239651
2003,Mexico,Male,65+,2919836
2003,Mexico,Female,0-14,1239737
2003,Mexico,Female,15-24,1984330
2003,Mexico,Female,25-54,630086
2003,Mexico,Female,55-64,2753016
2003,Mexico,Female,65+,842911
2004,USA,Male,0-14,1134875
2004,USA,Male,15-24,1461288
2004,USA,Male,25-54,2206373
2004,USA,Male,55-64,212563
2004,USA,Male,65+,2926304
2004,USA,Female,0-14,908610
2004,USA,Female,15-24,1184258
2004,USA,Female,25-54,1739233
2004,USA,Female,55-64,1008674
2004,USA,Female,65+,1317325
2004,India,Male,0-14,1777005
2004,India,Male,15-24,950287
2004,India,Male,25-54,2711692
2004,India,Male,55-64,2640923
2004,India,Male,65+,2441413
2004,India,Female,0-14,1977719
2004,India,Female,15-24,2758451
2004,India,Female,25-54,2916575
2004,India,Female,55-64,980829
2004,India,Female,65+,635245
2004,China,Male,0-14,670821
2004,China,Male,15-24,2234699
2004,China,Male,25-54,608654
2004,China,Male,55-64,602799
2004,China,Male,65+,1518604
2004,China,Female,0-14,1333862
2004,China,Female,15-24,849807
2004,China,Female,25-54,469250
2004,China,Female,55-64,221710
2004,China,Female,65+,2819299
2004,Brazil,Male,0-14,2470522
2004,Brazil,Male,15-24,150848
2004,Brazil,Male,25-54,864802
2004,Brazil,Male,55-64,273808
2004,Brazil,Male,65+,2308934
2004,Brazil,Female,0-14,1562978
2004,Brazil,Female,15-24,742660
2004,Brazil,Female,25-54,2468310
2004,Brazil,Female,55-64,1303772
2004,Brazil,Female,65+,212261
2004,Russia,Male,0-14,431087
2004,Russia,Male,15-24,250428
2004,Russia,Male,25-54,1621577
2004,Russia,Male,55-64,2307026
2004,Russia,Male,65+,434860
2004,Russia,Female,0-14,283356
2004,Russia,Female,15-24,132170
2004,Russia,Female,25-54,697753
2004,Russia,Female,55-64,1668097
2004,Russia,Female,65+,2579994
2004,Germany,Male,0-14,2785552
2004,Germany,Male,15-24,417840
2004,Germany,Male,25-54,1952606
2004,Germany,Male,55-64,2823879
2004,Germany,Male,65+,2600568
2004,Germany,Female,0-14,2399698
2004,Germany,Female,15-24,1788006
2004,Germany,Female,25-54,954246
2004,Germany,Female,55-64,1982569
2004,Germany,Female,65+,1796953
2004,Nigeria,Male,0-14,1641878
2004,Nigeria,Male,15-24,214280
2004,Nigeria,Male,25-54,1002105
2004,Nigeria,Male,55-64,1435510
2004,Nigeria,Male,65+,155418
2004,Nigeria,Female,0-14,1666947
2004,Nigeria,Female,15-24,417348
2004,Nigeria,Female,25-54,1995783
2004,Nigeria,Female,55-64,225822
2004,Nigeria,Female,65+,1976792
2004,Japan,Male,0-14,2494414
2004,Japan,Male,15-24,934758
2004,Japan,Male,25-54,113504
2004,Japan,Male,55-64,2962584
2004,Japan,Male,65+,2680175
2004,Japan,Female,0-14,994517
2004,Japan,Female,15-24,2929157
2004,Japan,Female,25-54,398348
2004,Japan,Female,55-64,1334802
2004,Japan,Female,65+,1201411
2004,Indonesia,Male,0-14,1824333
2004,Indonesia,Male,15-24,2621426
2004,Indonesia,Male,25-54,619323
2004,Indonesia,Male,55-64,2885855
2004,Indonesia,Male,65+,2133070
2004,Indonesia,Female,0-14,1407356
2004,Indonesia,Female,15-24,1811770
2004,Indonesia,Female,25-54,2191274
2004,Indonesia,Female,55-64,903932
2004,Indonesia,Female,65+,638283
2004,Mexico,Male,0-14,2996419
2004,Mexico,Male,15-24,315828
2004,Mexico,Male,25-54,343260
2004,Mexico,Male,55-64,957973
2004,Mexico,Male,65+,1228058
2004,Mexico,Female,0-14,288339
2004,Mexico,Female,15-24,228219
2004,Mexico,Female,25-54,2920050
2004,Mexico,Female,55-64,1575700
2004,Mexico,Female,65+,2712126
2005,USA,Male,0-14,1847100
2005,USA,Male,15-24,1982041
2005,USA,Male,25-54,2667359
2005,USA,Male,55-64,2786587
2005,USA,Male,65+,549802
2005,USA,Female,0-14,2175506
2005,USA,Female,15-24,2853009
2005,USA,Female,25-54,2725191
2005,USA,Female,55-64,244132
2005,USA,Female,65+,2689053
2005,India,Male,0-14,1059432
2005,India,Male,15-24,2922966
2005,India,Male,25-54,2798644
2005,India,Male,55-64,757897
2005,India,Male,65+,437287
2005,India,Female,0-14,1486258
2005,India,Female,15-24,492250
2005,India,Female,25-54,1525701
2005,India,Female,55-64,2915844
2005,India,Female,65+,1625306
2005,China,Male,0-14,1131002
2005,China,Male,15-24,2977476
2005,China,Male,25-54,2164679
2005,China,Male,55-64,1803324
2005,China,Male,65+,2197221
2005,China,Female,0-14,1831663
2005,China,Female,15-24,225504
2005,China,Female,25-54,2572631
2005,China,Female,55-64,2541817
2005,China,Female,65+,830701
2005,Brazil,Male,0-14,2175822
2005,Brazil,Male,15-24,246766
2005,Brazil,Male,25-54,1495254
2005,Brazil,Male,55-64,1625230
2005,Brazil,Male,65+,1287810
2005,Brazil,Female,0-14,2868373
2005,Brazil,Female,15-24,1285689
2005,Brazil,Female,25-54,2285456
2005,Brazil,Female,55-64,232125
2005,Brazil,Female,65+,2532108
2005,Russia,Male,0-14,2175173
2005,Russia,Male,15-24,1899557
2005,Russia,Male,25-54,2733950
2005,Russia,Male,55-64,699849
2005,Russia,Male,65+,349661
2005,Russia,Female,0-14,1900158
2005,Russia,Female,15-24,2900364
2005,Russia,Female,25-54,1829068
2005,Russia,Female,55-64,1984179
2005,Russia,Female,65+,1965504
2005,Germany,Male,0-14,2279778
2005,Germany,Male,15-24,1883266
2005,Germany,Male,25-54,2467629
2005,Germany,Male,55-64,1138215
2005,Germany,Male,65+,840722
2005,Germany,Female,0-14,1599559
2005,Germany,Female,15-24,776746
2005,Germany,Female,25-54,227808
2005,Germany,Female,55-64,369110
2005,Germany,Female,65+,878427
2005,Nigeria,Male,0-14,511253
2005,Nigeria,Male,15-24,2605862
2005,Nigeria,Male,25-54,2455906
2005,Nigeria,Male,55-64,737632
2005,Nigeria,Male,65+,1990793
2005,Nigeria,Female,0-14,1588761
2005,Nigeria,Female,15-24,158426
2005,Nigeria,Female,25-54,122659
2005,Nigeria,Female,55-64,472073
2005,Nigeria,Female,65+,760572
2005,Japan,Male,0-14,781145
2005,Japan,Male,15-24,521882
2005,Japan,Male,25-54,574520
2005,Japan,Male,55-64,1077459
2005,Japan,Male,65+,1954229
2005,Japan,Female,0-14,1822125
2005,Japan,Female,15-24,1660776
2005,Japan,Female,25-54,1052474
2005,Japan,Female,55-64,2595197
2005,Japan,Female,65+,2262776
2005,Indonesia,Male,0-14,2050218
2005,Indonesia,Male,15-24,412654
2005,Indonesia,Male,25-54,1962637
2005,Indonesia,Male,55-64,2668493
2005,Indonesia,Male,65+,279999
2005,Indonesia,Female,0-14,2074267
2005,Indonesia,Female,15-24,2572675
2005,Indonesia,Female,25-54,1055320
2005,Indonesia,Female,55-64,1857811
2005,Indonesia,Female,65+,2000183
2005,Mexico,Male,0-14,661247
2005,Mexico,Male,15-24,2089328
2005,Mexico,Male,25-54,2278587
2005,Mexico,Male,55-64,2332025
2005,Mexico,Male,65+,2629541
2005,Mexico,Female,0-14,1112880
2005,Mexico,Female,15-24,1751454
2005,Mexico,Female,25-54,2821725
2005,Mexico,Female,55-64,733767
2005,Mexico,Female,65+,1610211
2006,USA,Male,0-14,1761833
2006,USA,Male,15-24,2071891
2006,USA,Male,25-54,259780
2006,USA,Male,55-64,2114308
2006,USA,Male,65+,1397993
2006,USA,Female,0-14,1968759
2006,USA,Female,15-24,2107615
2006,USA,Female,25-54,389392
2006,USA,Female,55-64,230609
2006,USA,Female,65+,1526821
2006,India,Male,0-14,1988807
2006,India,Male,15-24,887697
2006,India,Male,25-54,1683228
2006,India,Male,55-64,2891080
2006,India,Male,65+,1034089
2006,India,Female,0-14,2380519
2006,India,Female,15-24,901924
2006,India,Female,25-54,2383046
2006,India,Female,55-64,1712726
2006,India,Female,65+,2355745
2006,China,Male,0-14,1667927
2006,China,Male,15-24,489671
2006,China,Male,25-54,2158905
2006,China,Male,55-64,2228214
2006,China,Male,65+,2912957
2006,China,Female,0-14,366618
2006,China,Female,15-24,1893569
2006,China,Female,25-54,1671061
2006,China,Female,55-64,1058499
2006,China,Female,65+,1606038
2006,Brazil,Male,0-14,1710359
2006,Brazil,Male,15-24,402321
2006,Brazil,Male,25-54,2236825
2006,Brazil,Male,55-64,209064
2006,Brazil,Male,65+,846671
2006,Brazil,Female,0-14,234226
2006,Brazil,Female,15-24,915385
2006,Brazil,Female,25-54,387085
2006,Brazil,Female,55-64,2259325
2006,Brazil,Female,65+,151750
2006,Russia,Male,0-14,1832525
2006,Russia,Male,15-24,2897442
2006,Russia,Male,25-54,1559637
2006,Russia,Male,55-64,839538
2006,Russia,Male,65+,545957
2006,Russia,Female,0-14,415100
2006,Russia,Female,15-24,981206
2006,Russia,Female,25-54,1576972
2006,Russia,Female,55-64,677764
2006,Russia,Female,65+,1411000
2006,Germany,Male,0-14,1177604
2006,Germany,Male,15-24,506869
2006,Germany,Male,25-54,2249142
2006,Germany,Male,55-64,2445216
2006,Germany,Male,65+,768693
2006,Germany,Female,0-14,927676
2006,Germany,Female,15-24,758367
2006,Germany,Female,25-54,429567
2006,Germany,Female,55-64,1611737
2006,Germany,Female,65+,2059638
2006,Nigeria,Male,0-14,1903273
2006,Nigeria,Male,15-24,721660
2006,Nigeria,Male,25-54,2908799
2006,Nigeria,Male,55-64,959326
2006,Nigeria,Male,65+,2315809
2006,Nigeria,Female,0-14,148556
2006,Nigeria,Female,15-24,1958192
2006,Nigeria,Female,25-54,249256
2006,Nigeria,Female,55-64,2175751
2006,Nigeria,Female,65+,1403762
2006,Japan,Male,0-14,2156662
2006,Japan,Male,15-24,598597
2006,Japan,Male,25-54,1429423
2006,Japan,Male,55-64,2920952
2006,Japan,Male,65+,2190724
2006,Japan,Female,0-14,2654581
2006,Japan,Female,15-24,649122
2006,Japan,Female,25-54,2087698
2006,Japan,Female,55-64,1816805
2006,Japan,Female,65+,1993127
2006,Indonesia,Male,0-14,606710
2006,Indonesia,Male,15-24,1291554
2006,Indonesia,Male,25-54,1390825
2006,Indonesia,Male,55-64,1596337
2006,Indonesia,Male,65+,1950145
2006,Indonesia,Female,0-14,487325
2006,Indonesia,Female,15-24,1655139
2006,Indonesia,Female,25-54,2834870
2006,Indonesia,Female,55-64,589696
2006,Indonesia,Female,65+,2337660
2006,Mexico,Male,0-14,1794113
2006,Mexico,Male,15-24,1290727
2006,Mexico,Male,25-54,381461
2006,Mexico,Male,55-64,2465275
2006,Mexico,Male,65+,297614
2006,Mexico,Female,0-14,989089
2006,Mexico,Female,15-24,2141588
2006,Mexico,Female,25-54,357131
2006,Mexico,Female,55-64,648108
2006,Mexico,Female,65+,2731995
2007,USA,Male,0-14,757890
2007,USA,Male,15-24,211087
2007,USA,Male,25-54,1952945
2007,USA,Male,55-64,1048665
2007,USA,Male,65+,259510
2007,USA,Female,0-14,369766
2007,USA,Female,15-24,2868038
2007,USA,Female,25-54,2074757
2007,USA,Female,55-64,754239
2007,USA,Female,65+,1798862
2007,India,Male,0-14,300382
2007,India,Male,15-24,2421196
2007,India,Male,25-54,2155229
2007,India,Male,55-64,1100362
2007,India,Male,65+,1322305
2007,India,Female,0-14,914460
2007,India,Female,15-24,2904385
2007,India,Female,25-54,2668813
2007,India,Female,55-64,2122002
2007,India,Female,65+,1809988
2007,China,Male,0-14,1148057
2007,China,Male,15-24,2276199
2007,China,Male,25-54,1653184
2007,China,Male,55-64,517557
2007,China,Male,65+,309117
2007,China,Female,0-14,1896939
2007,China,Female,15-24,1196934
2007,China,Female,25-54,2693959
2007,China,Female,55-64,113838
2007,China,Female,65+,1577739
2007,Brazil,Male,0-14,1115458
2007,Brazil,Male,15-24,521684
2007,Brazil,Male,25-54,2741082
2007,Brazil,Male,55-64,1476496
2007,Brazil,Male,65+,2600104
2007,Brazil,Female,0-14,1488029
2007,Brazil,Female,15-24,2620967
2007,Brazil,Female,25-54,736845
2007,Brazil,Female,55-64,2497716
2007,Brazil,Female,65+,2685477
2007,Russia,Male,0-14,2244552
2007,Russia,Male,15-24,918020
2007,Russia,Male,25-54,1110783
2007,Russia,Male,55-64,193063
2007,Russia,Male,65+,2242562
2007,Russia,Female,0-14,706319
2007,Russia,Female,15-24,1799636
2007,Russia,Female,25-54,1164612
2007,Russia,Female,55-64,2965159
2007,Russia,Female,65+,1164595
2007,Germany,Male,0-14,1684338
2007,Germany,Male,15-24,2203637
2007,Germany,Male,25-54,2888536
2007,Germany,Male,55-64,512812
2007,Germany,Male,65+,2087104
2007,Germany,Female,0-14,2021278
2007,Germany,Female,15-24,438528
2007,Germany,Female,25-54,2364922
2007,Germany,Female,55-64,219833
2007,Germany,Female,65+,1911430
2007,Nigeria,Male,0-14,2882122
2007,Nigeria,Male,15-24,469378
2007,Nigeria,Male,25-54,619230
2007,Nigeria,Male,55-64,2054982
2007,Nigeria,Male,65+,1381793
2007,Nigeria,Female,0-14,2959245
2007,Nigeria,Female,15-24,1522231
2007,Nigeria,Female,25-54,121728
2007,Nigeria,Female,55-64,676962
2007,Nigeria,Female,65+,397711
2007,Japan,Male,0-14,752069
2007,Japan,Male,15-24,1214357
2007,Japan,Male,25-54,234724
2007,Japan,Male,55-64,468995
2007,Japan,Male,65+,1770005
2007,Japan,Female,0-14,519621
2007,Japan,Female,15-24,2593936
2007,Japan,Female,25-54,1081311
2007,Japan,Female,55-64,1700740
2007,Japan,Female,65+,946423
2007,Indonesia,Male,0-14,1419776
2007,Indonesia,Male,15-24,1991179
2007,Indonesia,Male,25-54,1841099
2007,Indonesia,Male,55-64,718015
2007,Indonesia,Male,65+,757368
2007,Indonesia,Female,0-14,2130801
2007,Indonesia,Female,15-24,1308632
2007,Indonesia,Female,25-54,1980264
2007,Indonesia,Female,55-64,1220115
2007,Indonesia,Female,65+,1705320
2007,Mexico,Male,0-14,1070758
2007,Mexico,Male,15-24,1763644
2007,Mexico,Male,25-54,1378510
2007,Mexico,Male,55-64,1858303
2007,Mexico,Male,65+,2565267
2007,Mexico,Female,0-14,1594867
2007,Mexico,Female,15-24,1519517
2007,Mexico,Female,25-54,1400592
2007,Mexico,Female,55-64,931704
2007,Mexico,Female,65+,2435738
2008,USA,Male,0-14,1150448
2008,USA,Male,15-24,1099509
2008,USA,Male,25-54,988857
2008,USA,Male,55-64,1223158
2008,USA,Male,65+,2437151
2008,USA,Female,0-14,2935785
2008,USA,Female,15-24,790943
2008,USA,Female,25-54,1081280
2008,USA,Female,55-64,2059207
2008,USA,Female,65+,2716932
2008,India,Male,0-14,2482423
2008,India,Male,15-24,1654108
2008,India,Male,25-54,2028197
2008,India,Male,55-64,614626
2008,India,Male,65+,870324
2008,India,Female,0-14,1769356
2008,India,Female,15-24,2685523
2008,India,Female,25-54,2278955
2008,India,Female,55-64,2607724
2008,India,Female,65+,928144
2008,China,Male,0-14,843665
2008,China,Male,15-24,1643249
2008,China,Male,25-54,2712402
2008,China,Male,55-64,1605287
2008,China,Male,65+,2817672
2008,China,Female,0-14,2815407
2008,China,Female,15-24,1227323
2008,China,Female,25-54,1146754
2008,China,Female,55-64,1143164
2008,China,Female,65+,782188
2008,Brazil,Male,0-14,319114
2008,Brazil,Male,15-24,1216716
2008,Brazil,Male,25-54,221701
2008,Brazil,Male,55-64,2617877
2008,Brazil,Male,65+,2523009
2008,Brazil,Female,0-14,2391784
2008,Brazil,Female,15-24,2634185
2008,Brazil,Female,25-54,1135392
2008,Brazil,Female,55-64,733558
2008,Brazil,Female,65+,2390496
2008,Russia,Male,0-14,1211746
2008,Russia,Male,15-24,2828522
2008,Russia,Male,25-54,191453
2008,Russia,Male,55-64,291108
2008,Russia,Male,65+,535584
2008,Russia,Female,0-14,814275
2008,Russia,Female,15-24,2880436
2008,Russia,Female,25-54,495824
2008,Russia,Female,55-64,2703443
2008,Russia,Female,65+,1444675
2008,Germany,Male,0-14,834191
2008,Germany,Male,15-24,761951
2008,Germany,Male,25-54,2571453
2008,Germany,Male,55-64,826856
2008,Germany,Male,65+,840121
2008,Germany,Female,0-14,1859687
2008,Germany,Female,15-24,2087935
2008,Germany,Female,25-54,2903853
2008,Germany,Female,55-64,1311611
2008,Germany,Female,65+,626201
2008,Nigeria,Male,0-14,2943123
2008,Nigeria,Male,15-24,908750
2008,Nigeria,Male,25-54,1741079
2008,Nigeria,Male,55-64,2282017
2008,Nigeria,Male,65+,561527
2008,Nigeria,Female,0-14,2165447
2008,Nigeria,Female,15-24,328492
2008,Nigeria,Female,25-54,1760907
2008,Nigeria,Female,55-64,859978
2008,Nigeria,Female,65+,2101560
2008,Japan,Male,0-14,2937696
2008,Japan,Male,15-24,2495665
2008,Japan,Male,25-54,2798717
2008,Japan,Male,55-64,518141
2008,Japan,Male,65+,625190
2008,Japan,Female,0-14,1062393
2008,Japan,Female,15-24,1912705
2008,Japan,Female,25-54,134227
2008,Japan,Female,55-64,2338723
2008,Japan,Female,65+,2604663
2008,Indonesia,Male,0-14,938581
2008,Indonesia,Male,15-24,2321042
2008,Indonesia,Male,25-54,1404316
2008,Indonesia,Male,55-64,112042
2008,Indonesia,Male,65+,2139317
2008,Indonesia,Female,0-14,1792658
2008,Indonesia,Female,15-24,1759968
2008,Indonesia,Female,25-54,597582
2008,Indonesia,Female,55-64,2636926
2008,Indonesia,Female,65+,2024049
2008,Mexico,Male,0-14,2605559
2008,Mexico,Male,15-24,1913077
2008,Mexico,Male,25-54,1885347
2008,Mexico,Male,55-64,1182354
2008,Mexico,Male,65+,1188016
2008,Mexico,Female,0-14,478754
2008,Mexico,Female,15-24,2914449
2008,Mexico,Female,25-54,2798262
2008,Mexico,Female,55-64,820129
2008,Mexico,Female,65+,774361
2009,USA,Male,0-14,2326807
2009,USA,Male,15-24,1482615
2009,USA,Male,25-54,1533673
2009,USA,Male,55-64,1538772
2009,USA,Male,65+,1886138
2009,USA,Female,0-14,158224
2009,USA,Female,15-24,1399811
2009,USA,Female,25-54,939062
2009,USA,Female,55-64,2878654
2009,USA,Female,65+,1882620
2009,India,Male,0-14,1887711
2009,India,Male,15-24,1707038
2009,India,Male,25-54,2236531
2009,India,Male,55-64,2019207
2009,India,Male,65+,2184308
2009,India,Female,0-14,1840013
2009,India,Female,15-24,785142
2009,India,Female,25-54,445933
2009,India,Female,55-64,616531
2009,India,Female,65+,2460038
2009,China,Male,0-14,1979691
2009,China,Male,15-24,393082
2009,China,Male,25-54,2686977
2009,China,Male,55-64,1678696
2009,China,Male,65+,2163079
2009,China,Female,0-14,2265979
2009,China,Female,15-24,2147220
2009,China,Female,25-54,2131199
2009,China,Female,55-64,352928
2009,China,Female,65+,2500117
2009,Brazil,Male,0-14,2686771
2009,Brazil,Male,15-24,1028641
2009,Brazil,Male,25-54,324890
2009,Brazil,Male,55-64,759343
2009,Brazil,Male,65+,2563762
2009,Brazil,Female,0-14,1929017
2009,Brazil,Female,15-24,2048075
2009,Brazil,Female,25-54,2431880
2009,Brazil,Female,55-64,2753808
2009,Brazil,Female,65+,2615091
2009,Russia,Male,0-14,1443145
2009,Russia,Male,15-24,2819533
2009,Russia,Male,25-54,184323
2009,Russia,Male,55-64,247829
2009,Russia,Male,65+,2127007
2009,Russia,Female,0-14,2221465
2009,Russia,Female,15-24,2173926
2009,Russia,Female,25-54,1494935
2009,Russia,Female,55-64,2307339
2009,Russia,Female,65+,2621624
2009,Germany,Male,0-14,1013219
2009,Germany,Male,15-24,1860372
2009,Germany,Male,25-54,441107
2009,Germany,Male,55-64,2171797
2009,Germany,Male,65+,2357142
2009,Germany,Female,0-14,1343583
2009,Germany,Female,15-24,2643728
2009,Germany,Female,25-54,1177155
2009,Germany,Female,55-64,1121783
2009,Germany,Female,65+,1686541
2009,Nigeria,Male,0-14,1860625
2009,Nigeria,Male,15-24,2813986
2009,Nigeria,Male,25-54,1839508
2009,Nigeria,Male,55-64,1458991
2009,Nigeria,Male,65+,566143
2009,Nigeria,Female,0-14,772806
2009,Nigeria,Female,15-24,133573
2009,Nigeria,Female,25-54,385084
2009,Nigeria,Female,55-64,2738141
2009,Nigeria,Female,65+,287044
2009,Japan,Male,0-14,1293198
2009,Japan,Male,15-24,1411615
2009,Japan,Male,25-54,1857893
2009,Japan,Male,55-64,1349657
2009,Japan,Male,65+,806775
2009,Japan,Female,0-14,1763279
2009,Japan,Female,15-24,115090
2009,Japan,Female,25-54,2033548
2009,Japan,Female,55-64,1356020
2009,Japan,Female,65+,1050377
2009,Indonesia,Male,0-14,2849402
2009,Indonesia,Male,15-24,1239929
2009,Indonesia,Male,25-54,1545645
2009,Indonesia,Male,55-64,132016
2009,Indonesia,Male,65+,443059
2009,Indonesia,Female,0-14,2618022
2009,Indonesia,Female,15-24,2383297
2009,Indonesia,Female,25-54,1998433
2009,Indonesia,Female,55-64,2793253
2009,Indonesia,Female,65+,2982413
2009,Mexico,Male,0-14,2238772
2009,Mexico,Male,15-24,2593741
2009,Mexico,Male,25-54,1177390
2009,Mexico,Male,55-64,109746
2009,Mexico,Male,65+,2067994
2009,Mexico,Female,0-14,1561354
2009,Mexico,Female,15-24,831658
2009,Mexico,Female,25-54,663044
2009,Mexico,Female,55-64,2839383
2009,Mexico,Female,65+,1481135
2010,USA,Male,0-14,132170
2010,USA,Male,15-24,2907903
2010,USA,Male,25-54,123640
2010,USA,Male,55-64,1262562
2010,USA,Male,65+,2233840
2010,USA,Female,0-14,1158163
2010,USA,Female,15-24,2667935
2010,USA,Female,25-54,711254
2010,USA,Female,55-64,2852367
2010,USA,Female,65+,2996758
2010,India,Male,0-14,2855897
2010,India,Male,15-24,1892475
2010,India,Male,25-54,1167303
2010,India,Male,55-64,305302
2010,India,Male,65+,1828226
2010,India,Female,0-14,381702
2010,India,Female,15-24,1988573
2010,India,Female,25-54,769638
2010,India,Female,55-64,2378184
2010,India,Female,65+,843009
2010,China,Male,0-14,1898848
2010,China,Male,15-24,2250438
2010,China,Male,25-54,1608564
2010,China,Male,55-64,1712116
2010,China,Male,65+,2030555
2010,China,Female,0-14,798281
2010,China,Female,15-24,1664636
2010,China,Female,25-54,2669308
2010,China,Female,55-64,1424011
2010,China,Female,65+,2994139
2010,Brazil,Male,0-14,2133460
2010,Brazil,Male,15-24,1814434
2010,Brazil,Male,25-54,1147084
2010,Brazil,Male,55-64,1692171
2010,Brazil,Male,65+,1257619
2010,Brazil,Female,0-14,2838444
2010,Brazil,Female,15-24,707333
2010,Brazil,Female,25-54,1003021
2010,Brazil,Female,55-64,1332371
2010,Brazil,Female,65+,388702
2010,Russia,Male,0-14,1522577
2010,Russia,Male,15-24,2623733
2010,Russia,Male,25-54,2004423
2010,Russia,Male,55-64,2178985
2010,Russia,Male,65+,1240504
2010,Russia,Female,0-14,2734345
2010,Russia,Female,15-24,2363821
2010,Russia,Female,25-54,871038
2010,Russia,Female,55-64,990803
2010,Russia,Female,65+,637771
2010,Germany,Male,0-14,1263701
2010,Germany,Male,15-24,2558931
2010,Germany,Male,25-54,1962251
2010,Germany,Male,55-64,2192501
2010,Germany,Male,65+,2440855
2010,Germany,Female,0-14,1124578
2010,Germany,Female,15-24,1234636
2010,Germany,Female,25-54,2320620
2010,Germany,Female,55-64,1659037
2010,Germany,Female,65+,1206651
2010,Nigeria,Male,0-14,2591661
2010,Nigeria,Male,15-24,601512
2010,Nigeria,Male,25-54,495453
2010,Nigeria,Male,55-64,869200
2010,Nigeria,Male,65+,224145
2010,Nigeria,Female,0-14,255553
2010,Nigeria,Female,15-24,746186
2010,Nigeria,Female,25-54,102703
2010,Nigeria,Female,55-64,2865370
2010,Nigeria,Female,65+,1411363
2010,Japan,Male,0-14,2308307
2010,Japan,Male,15-24,2952593
2010,Japan,Male,25-54,1642048
2010,Japan,Male,55-64,1612259
2010,Japan,Male,65+,1811665
2010,Japan,Female,0-14,1999938
2010,Japan,Female,15-24,2304250
2010,Japan,Female,25-54,1635436
2010,Japan,Female,55-64,1719976
2010,Japan,Female,65+,2036298
2010,Indonesia,Male,0-14,1112894
2010,Indonesia,Male,15-24,1570511
2010,Indonesia,Male,25-54,1808532
2010,Indonesia,Male,55-64,2088465
2010,Indonesia,Male,65+,277231
2010,Indonesia,Female,0-14,2119248
2010,Indonesia,Female,15-24,122033
2010,Indonesia,Female,25-54,471711
2010,Indonesia,Female,55-64,661068
2010,Indonesia,Female,65+,2988291
2010,Mexico,Male,0-14,2811517
2010,Mexico,Male,15-24,2323098
2010,Mexico,Male,25-54,2699166
2010,Mexico,Male,55-64,1247393
2010,Mexico,Male,65+,1690703
2010,Mexico,Female,0-14,356878
2010,Mexico,Female,15-24,2060472
2010,Mexico,Female,25-54,2442328
2010,Mexico,Female,55-64,2107797
2010,Mexico,Female,65+,1588583
2011,USA,Male,0-14,2666961
2011,USA,Male,15-24,1362915
2011,USA,Male,25-54,603971
2011,USA,Male,55-64,2664626
2011,USA,Male,65+,2450961
2011,USA,Female,0-14,914439
2011,USA,Female,15-24,411639
2011,USA,Female,25-54,412896
2011,USA,Female,55-64,1781460
2011,USA,Female,65+,1123741
2011,India,Male,0-14,1847408
2011,India,Male,15-24,920072
2011,India,Male,25-54,1909452
2011,India,Male,55-64,2952466
2011,India,Male,65+,2318939
2011,India,Female,0-14,683891
2011,India,Female,15-24,636589
2011,India,Female,25-54,2546955
2011,India,Female,55-64,1202847
2011,India,Female,65+,1314067
2011,China,Male,0-14,1599302
2011,China,Male,15-24,380600
2011,China,Male,25-54,2745012
2011,China,Male,55-64,1992274
2011,China,Male,65+,1448478
2011,China,Female,0-14,2490075
2011,China,Female,15-24,2483388
2011,China,Female,25-54,2490597
2011,China,Female,55-64,2493964
2011,China,Female,65+,1113485
2011,Brazil,Male,0-14,1842843
2011,Brazil,Male,15-24,1612414
2011,Brazil,Male,25-54,1439620
2011,Brazil,Male,55-64,1455007
2011,Brazil,Male,65+,2113598
2011,Brazil,Female,0-14,1992210
2011,Brazil,Female,15-24,1418476
2011,Brazil,Female,25-54,2887835
2011,Brazil,Female,55-64,1890799
2011,Brazil,Female,65+,328284
2011,Russia,Male,0-14,2840783
2011,Russia,Male,15-24,766667
2011,Russia,Male,25-54,1401726
2011,Russia,Male,55-64,2572473
2011,Russia,Male,65+,2444788
2011,Russia,Female,0-14,1591462
2011,Russia,Female,15-24,2292367
2011,Russia,Female,25-54,1536690
2011,Russia,Female,55-64,1787278
2011,Russia,Female,65+,593745
2011,Germany,Male,0-14,368845
2011,Germany,Male,15-24,1772679
2011,Germany,Male,25-54,852424
2011,Germany,Male,55-64,1553217
2011,Germany,Male,65+,2064303
2011,Germany,Female,0-14,2273568
2011,Germany,Female,15-24,222406
2011,Germany,Female,25-54,1022589
2011,Germany,Female,55-64,1586861
2011,Germany,Female,65+,2606943
2011,Nigeria,Male,0-14,2223815
2011,Nigeria,Male,15-24,627693
2011,Nigeria,Male,25-54,2503942
2011,Nigeria,Male,55-64,695412
2011,Nigeria,Male,65+,2621176
2011,Nigeria,Female,0-14,2013198
2011,Nigeria,Female,15-24,1823356
2011,Nigeria,Female,25-54,1323938
2011,Nigeria,Female,55-64,1659131
2011,Nigeria,Female,65+,960271
2011,Japan,Male,0-14,1753521
2011,Japan,Male,15-24,1720828
2011,Japan,Male,25-54,646676
2011,Japan,Male,55-64,2442160
2011,Japan,Male,65+,1658763
2011,Japan,Female,0-14,1854554
2011,Japan,Female,15-24,297367
2011,Japan,Female,25-54,1091515
2011,Japan,Female,55-64,1901389
2011,Japan,Female,65+,1215972
2011,Indonesia,Male,0-14,1290030
2011,Indonesia,Male,15-24,1688969
2011,Indonesia,Male,25-54,1498483
2011,Indonesia,Male,55-64,1610351
2011,Indonesia,Male,65+,1039441
2011,Indonesia,Female,0-14,1615543
2011,Indonesia,Female,15-24,2347323
2011,Indonesia,Female,25-54,1122482
2011,Indonesia,Female,55-64,302721
2011,Indonesia,Female,65+,1185204
2011,Mexico,Male,0-14,867602
2011,Mexico,Male,15-24,1456494
2011,Mexico,Male,25-54,429257
2011,Mexico,Male,55-64,2885322
2011,Mexico,Male,65+,1927545
2011,Mexico,Female,0-14,1009709
2011,Mexico,Female,15-24,548626
2011,Mexico,Female,25-54,1569411
2011,Mexico,Female,55-64,2158576
2011,Mexico,Female,65+,1592362
2012,USA,Male,0-14,2775245
2012,USA,Male,15-24,235648
2012,USA,Male,25-54,1761910
2012,USA,Male,55-64,1623588
2012,USA,Male,65+,674078
2012,USA,Female,0-14,189925
2012,USA,Female,15-24,234141
2012,USA,Female,25-54,1710938
2012,USA,Female,55-64,2982465
2012,USA,Female,65+,244194
2012,India,Male,0-14,2636108
2012,India,Male,15-24,473842
2012,India,Male,25-54,2918938
2012,India,Male,55-64,2930686
2012,India,Male,65+,1536539
2012,India,Female,0-14,711196
2012,India,Female,15-24,1793032
2012,India,Female,25-54,1014943
2012,India,Female,55-64,2657890
2012,India,Female,65+,628500
2012,China,Male,0-14,2651820
2012,China,Male,15-24,1194316
2012,China,Male,25-54,1033140
2012,China,Male,55-64,1394765
2012,China,Male,65+,889270
2012,China,Female,0-14,2388020
2012,China,Female,15-24,2445528
2012,China,Female,25-54,1786425
2012,China,Female,55-64,523489
2012,China,Female,65+,2113052
2012,Brazil,Male,0-14,2851017
2012,Brazil,Male,15-24,1668884
2012,Brazil,Male,25-54,2893406
2012,Brazil,Male,55-64,325591
2012,Brazil,Male,65+,2582417
2012,Brazil,Female,0-14,543761
2012,Brazil,Female,15-24,985986
2012,Brazil,Female,25-54,1175767
2012,Brazil,Female,55-64,1449976
2012,Brazil,Female,65+,134574
2012,Russia,Male,0-14,2984219
2012,Russia,Male,15-24,2936833
2012,Russia,Male,25-54,142913
2012,Russia,Male,55-64,2075295
2012,Russia,Male,65+,2630551
2012,Russia,Female,0-14,2309801
2012,Russia,Female,15-24,2457142
2012,Russia,Female,25-54,2973573
2012,Russia,Female,55-64,937897
2012,Russia,Female,65+,936688
2012,Germany,Male,0-14,806729
2012,Germany,Male,15-24,217563
2012,Germany,Male,25-54,981876
2012,Germany,Male,55-64,1561798
2012,Germany,Male,65+,799223
2012,Germany,Female,0-14,2718978
2012,Germany,Female,15-24,2449223
2012,Germany,Female,25-54,2489339
2012,Germany,Female,55-64,1170970
2012,Germany,Female,65+,2342226
2012,Nigeria,Male,0-14,684977
2012,Nigeria,Male,15-24,2818972
2012,Nigeria,Male,25-54,2310769
2012,Nigeria,Male,55-64,1986335
2012,Nigeria,Male,65+,996050
2012,Nigeria,Female,0-14,2911401
2012,Nigeria,Female,15-24,962380
2012,Nigeria,Female,25-54,1834054
2012,Nigeria,Female,55-64,1786851
2012,Nigeria,Female,65+,1335705
2012,Japan,Male,0-14,2323004
2012,Japan,Male,15-24,2210283
2012,Japan,Male,25-54,1526039
2012,Japan,Male,55-64,741364
2012,Japan,Male,65+,365792
2012,Japan,Female,0-14,380464
2012,Japan,Female,15-24,2414098
2012,Japan,Female,25-54,162862
2012,Japan,Female,55-64,540717
2012,Japan,Female,65+,700320
2012,Indonesia,Male,0-14,1708899
2012,Indonesia,Male,15-24,2176925
2012,Indonesia,Male,25-54,2506233
2012,Indonesia,Male,55-64,2239389
2012,Indonesia,Male,65+,1446957
2012,Indonesia,Female,0-14,440353
2012,Indonesia,Female,15-24,2149282
2012,Indonesia,Female,25-54,2890289
2012,Indonesia,Female,55-64,1711961
2012,Indonesia,Female,65+,1984558
2012,Mexico,Male,0-14,2073066
2012,Mexico,Male,15-24,320103
2012,Mexico,Male,25-54,954989
2012,Mexico,Male,55-64,255152
2012,Mexico,Male,65+,831201
2012,Mexico,Female,0-14,2353787
2012,Mexico,Female,15-24,2041618
2012,Mexico,Female,25-54,520124
2012,Mexico,Female,55-64,2602448
2012,Mexico,Female,65+,1409808
2013,USA,Male,0-14,658197
2013,USA,Male,15-24,2431886
2013,USA,Male,25-54,1762218
2013,USA,Male,55-64,740109
2013,USA,Male,65+,2619826
2013,USA,Female,0-14,1566901
2013,USA,Female,15-24,1538142
2013,USA,Female,25-54,1147358
2013,USA,Female,55-64,1115434
2013,USA,Female,65+,2569332
2013,India,Male,0-14,909675
2013,India,Male,15-24,1958059
2013,India,Male,25-54,2178877
2013,India,Male,55-64,1100492
2013,India,Male,65+,2023793
2013,India,Female,0-14,1808857
2013,India,Female,15-24,746428
2013,India,Female,25-54,970259
2013,India,Female,55-64,2594528
2013,India,Female,65+,2022690
2013,China,Male,0-14,473314
2013,China,Male,15-24,617039
2013,China,Male,25-54,2642606
2013,China,Male,55-64,827540
2013,China,Male,65+,2294000
2013,China,Female,0-14,2304968
2013,China,Female,15-24,659713
2013,China,Female,25-54,2655795
2013,China,Female,55-64,1037275
2013,China,Female,65+,1396222
2013,Brazil,Male,0-14,2863590
2013,Brazil,Male,15-24,519091
2013,Brazil,Male,25-54,1118426
2013,Brazil,Male,55-64,692248
2013,Brazil,Male,65+,2193683
2013,Brazil,Female,0-14,1752378
2013,Brazil,Female,15-24,1479485
2013,Brazil,Female,25-54,872780
2013,Brazil,Female,55-64,2824489
2013,Brazil,Female,65+,1589824
2013,Russia,Male,0-14,2428319
2013,Russia,Male,15-24,1622703
2013,Russia,Male,25-54,2210701
2013,Russia,Male,55-64,1928900
2013,Russia,Male,65+,557941
2013,Russia,Female,0-14,2107192
2013,Russia,Female,15-24,2719289
2013,Russia,Female,25-54,2199501
2013,Russia,Female,55-64,2098197
2013,Russia,Female,65+,1226299
2013,Germany,Male,0-14,1982921
2013,Germany,Male,15-24,2028261
2013,Germany,Male,25-54,1631411
2013,Germany,Male,55-64,2754740
2013,Germany,Male,65+,1926713
2013,Germany,Female,0-14,238611
2013,Germany,Female,15-24,1662661
2013,Germany,Female,25-54,2912928
2013,Germany,Female,55-64,1828762
2013,Germany,Female,65+,1656949
2013,Nigeria,Male,0-14,336739
2013,Nigeria,Male,15-24,1741766
2013,Nigeria,Male,25-54,1064087
2013,Nigeria,Male,55-64,2444725
2013,Nigeria,Male,65+,863008
2013,Nigeria,Female,0-14,1387287
2013,Nigeria,Female,15-24,1879024
2013,Nigeria,Female,25-54,1882205
2013,Nigeria,Female,55-64,2164752
2013,Nigeria,Female,65+,272221
2013,Japan,Male,0-14,1513577
2013,Japan,Male,15-24,1643131
2013,Japan,Male,25-54,2438548
2013,Japan,Male,55-64,2534553
2013,Japan,Male,65+,757072
2013,Japan,Female,0-14,1003928
2013,Japan,Female,15-24,2791433
2013,Japan,Female,25-54,1493774
2013,Japan,Female,55-64,2797287
2013,Japan,Female,65+,288734
2013,Indonesia,Male,0-14,2020648
2013,Indonesia,Male,15-24,1213928
2013,Indonesia,Male,25-54,2710454
2013,Indonesia,Male,55-64,536792
2013,Indonesia,Male,65+,485279
2013,Indonesia,Female,0-14,1310155
2013,Indonesia,Female,15-24,2922672
2013,Indonesia,Female,25-54,381681
2013,Indonesia,Female,55-64,484711
2013,Indonesia,Female,65+,756354
2013,Mexico,Male,0-14,1865379
2013,Mexico,Male,15-24,752357
2013,Mexico,Male,25-54,497537
2013,Mexico,Male,55-64,2646319
2013,Mexico,Male,65+,2596823
2013,Mexico,Female,0-14,2703730
2013,Mexico,Female,15-24,1261089
2013,Mexico,Female,25-54,498426
2013,Mexico,Female,55-64,2438557
2013,Mexico,Female,65+,2313594
2014,USA,Male,0-14,1832058
2014,USA,Male,15-24,1453981
2014,USA,Male,25-54,527430
2014,USA,Male,55-64,1210250
2014,USA,Male,65+,2852176
2014,USA,Female,0-14,2887990
2014,USA,Female,15-24,2837379
2014,USA,Female,25-54,2550158
2014,USA,Female,55-64,1892629
2014,USA,Female,65+,2768048
2014,India,Male,0-14,744540
2014,India,Male,15-24,2769422
2014,India,Male,25-54,2041868
2014,India,Male,55-64,2689611
2014,India,Male,65+,1464915
2014,India,Female,0-14,1476827
2014,India,Female,15-24,1940765
2014,India,Female,25-54,173752
2014,India,Female,55-64,2667976
2014,India,Female,65+,2822505
2014,China,Male,0-14,1413687
2014,China,Male,15-24,130846
2014,China,Male,25-54,2310796
2014,China,Male,55-64,1488978
2014,China,Male,65+,2875566
2014,China,Female,0-14,907178
2014,China,Female,15-24,1585029
2014,China,Female,25-54,2778115
2014,China,Female,55-64,1388175
2014,China,Female,65+,128311
2014,Brazil,Male,0-14,1854967
2014,Brazil,Male,15-24,2605649
2014,Brazil,Male,25-54,2622793
2014,Brazil,Male,55-64,794671
2014,Brazil,Male,65+,2460231
2014,Brazil,Female,0-14,254054
2014,Brazil,Female,15-24,659724
2014,Brazil,Female,25-54,2328461
2014,Brazil,Female,55-64,1327469
2014,Brazil,Female,65+,2415805
2014,Russia,Male,0-14,507007
2014,Russia,Male,15-24,2418146
2014,Russia,Male,25-54,1341368
2014,Russia,Male,55-64,1089208
2014,Russia,Male,65+,433266
2014,Russia,Female,0-14,2195868
2014,Russia,Female,15-24,1919914
2014,Russia,Female,25-54,2719351
2014,Russia,Female,55-64,354669
2014,Russia,Female,65+,295020
2014,Germany,Male,0-14,2324597
2014,Germany,Male,15-24,2191310
2014,Germany,Male,25-54,1643987
2014,Germany,Male,55-64,1380046
2014,Germany,Male,65+,2027273
2014,Germany,Female,0-14,2369444
2014,Germany,Female,15-24,1640055
2014,Germany,Female,25-54,2940605
2014,Germany,Female,55-64,1280589
2014,Germany,Female,65+,873992
2014,Nigeria,Male,0-14,553642
2014,Nigeria,Male,15-24,262654
2014,Nigeria,Male,25-54,245202
2014,Nigeria,Male,55-64,2145183
2014,Nigeria,Male,65+,1148723
2014,Nigeria,Female,0-14,2825153
2014,Nigeria,Female,15-24,325722
2014,Nigeria,Female,25-54,1749457
2014,Nigeria,Female,55-64,1953004
2014,Nigeria,Female,65+,679190
2014,Japan,Male,0-14,2150127
2014,Japan,Male,15-24,114449
2014,Japan,Male,25-54,394665
2014,Japan,Male,55-64,1771684
2014,Japan,Male,65+,174659
2014,Japan,Female,0-14,2819670
2014,Japan,Female,15-24,563760
2014,Japan,Female,25-54,2920213
2014,Japan,Female,55-64,1364106
2014,Japan,Female,65+,1606033
2014,Indonesia,Male,0-14,531701
2014,Indonesia,Male,15-24,1655537
2014,Indonesia,Male,25-54,2357669
2014,Indonesia,Male,55-64,2740510
2014,Indonesia,Male,65+,408043
2014,Indonesia,Female,0-14,1200063
2014,Indonesia,Female,15-24,1478231
2014,Indonesia,Female,25-54,1141932
2014,Indonesia,Female,55-64,2698081
2014,Indonesia,Female,65+,1252962
2014,Mexico,Male,0-14,2194610
2014,Mexico,Male,15-24,502389
2014,Mexico,Male,25-54,1544360
2014,Mexico,Male,55-64,997193
2014,Mexico,Male,65+,1134775
2014,Mexico,Female,0-14,1796691
2014,Mexico,Female,15-24,1534335
2014,Mexico,Female,25-54,612314
2014,Mexico,Female,55-64,888279
2014,Mexico,Female,65+,1393408
2015,USA,Male,0-14,867447
2015,USA,Male,15-24,1700269
2015,USA,Male,25-54,2442050
2015,USA,Male,55-64,659339
2015,USA,Male,65+,1274267
2015,USA,Female,0-14,536244
2015,USA,Female,15-24,1679289
2015,USA,Female,25-54,886432
2015,USA,Female,55-64,2848064
2015,USA,Female,65+,2811486
2015,India,Male,0-14,116560
2015,India,Male,15-24,2780453
2015,India,Male,25-54,2898823
2015,India,Male,55-64,2082887
2015,India,Male,65+,2092486
2015,India,Female,0-14,131746
2015,India,Female,15-24,2019408
2015,India,Female,25-54,1380343
2015,India,Female,55-64,2095007
2015,India,Female,65+,1358566
2015,China,Male,0-14,1468934
2015,China,Male,15-24,1253243
2015,China,Male,25-54,281142
2015,China,Male,55-64,1517862
2015,China,Male,65+,738633
2015,China,Female,0-14,1483894
2015,China,Female,15-24,2544422
2015,China,Female,25-54,225186
2015,China,Female,55-64,2175788
2015,China,Female,65+,689252
2015,Brazil,Male,0-14,1942185
2015,Brazil,Male,15-24,1012295
2015,Brazil,Male,25-54,1272388
2015,Brazil,Male,55-64,492223
2015,Brazil,Male,65+,910693
2015,Brazil,Female,0-14,2434054
2015,Brazil,Female,15-24,1672481
2015,Brazil,Female,25-54,2394364
2015,Brazil,Female,55-64,2890613
2015,Brazil,Female,65+,1644442
2015,Russia,Male,0-14,171558
2015,Russia,Male,15-24,1771024
2015,Russia,Male,25-54,918611
2015,Russia,Male,55-64,2617512
2015,Russia,Male,65+,796373
2015,Russia,Female,0-14,1136812
2015,Russia,Female,15-24,303404
2015,Russia,Female,25-54,2909637
2015,Russia,Female,55-64,1571498
2015,Russia,Female,65+,1467598
2015,Germany,Male,0-14,1495392
2015,Germany,Male,15-24,2433668
2015,Germany,Male,25-54,2352712
2015,Germany,Male,55-64,2518863
2015,Germany,Male,65+,1339137
2015,Germany,Female,0-14,237413
2015,Germany,Female,15-24,2685916
2015,Germany,Female,25-54,1041626
2015,Germany,Female,55-64,1598286
2015,Germany,Female,65+,354218
2015,Nigeria,Male,0-14,2423029
2015,Nigeria,Male,15-24,996750
2015,Nigeria,Male,25-54,1746769
2015,Nigeria,Male,55-64,2778787
2015,Nigeria,Male,65+,2825173
2015,Nigeria,Female,0-14,1461677
2015,Nigeria,Female,15-24,2874434
2015,Nigeria,Female,25-54,2498624
2015,Nigeria,Female,55-64,1552314
2015,Nigeria,Female,65+,570777
2015,Japan,Male,0-14,1586449
2015,Japan,Male,15-24,492623
2015,Japan,Male,25-54,1404078
2015,Japan,Male,55-64,2163332
2015,Japan,Male,65+,2402455
2015,Japan,Female,0-14,1621025
2015,Japan,Female,15-24,1670642
2015,Japan,Female,25-54,870326
2015,Japan,Female,55-64,704074
2015,Japan,Female,65+,2574667
2015,Indonesia,Male,0-14,1533834
2015,Indonesia,Male,15-24,2484960
2015,Indonesia,Male,25-54,651215
2015,Indonesia,Male,55-64,458966
2015,Indonesia,Male,65+,1706855
2015,Indonesia,Female,0-14,1326208
2015,Indonesia,Female,15-24,1711064
2015,Indonesia,Female,25-54,2829840
2015,Indonesia,Female,55-64,460957
2015,Indonesia,Female,65+,1923690
2015,Mexico,Male,0-14,2890007
2015,Mexico,Male,15-24,2126733
2015,Mexico,Male,25-54,2342279
2015,Mexico,Male,55-64,2654347
2015,Mexico,Male,65+,526655
2015,Mexico,Female,0-14,2277379
2015,Mexico,Female,15-24,2046690
2015,Mexico,Female,25-54,1208223
2015,Mexico,Female,55-64,1942204
2015,Mexico,Female,65+,707259
2016,USA,Male,0-14,2393397
2016,USA,Male,15-24,861948
2016,USA,Male,25-54,610037
2016,USA,Male,55-64,188913
2016,USA,Male,65+,1697504
2016,USA,Female,0-14,2428417
2016,USA,Female,15-24,1090934
2016,USA,Female,25-54,1207345
2016,USA,Female,55-64,1439672
2016,USA,Female,65+,1313088
2016,India,Male,0-14,2173470
2016,India,Male,15-24,995271
2016,India,Male,25-54,2546184
2016,India,Male,55-64,2042605
2016,India,Male,65+,2027365
2016,India,Female,0-14,2619983
2016,India,Female,15-24,1900408
2016,India,Female,25-54,1821709
2016,India,Female,55-64,1303073
2016,India,Female,65+,928984
2016,China,Male,0-14,1530871
2016,China,Male,15-24,712347
2016,China,Male,25-54,2452812
2016,China,Male,55-64,2471425
2016,China,Male,65+,1177099
2016,China,Female,0-14,2251641
2016,China,Female,15-24,1429974
2016,China,Female,25-54,1439897
2016,China,Female,55-64,1263894
2016,China,Female,65+,2051168
2016,Brazil,Male,0-14,1685043
2016,Brazil,Male,15-24,1306406
2016,Brazil,Male,25-54,714953
2016,Brazil,Male,55-64,1031291
2016,Brazil,Male,65+,122272
2016,Brazil,Female,0-14,2661884
2016,Brazil,Female,15-24,1276544
2016,Brazil,Female,25-54,1062778
2016,Brazil,Female,55-64,267219
2016,Brazil,Female,65+,1036660
2016,Russia,Male,0-14,2706563
2016,Russia,Male,15-24,2657810
2016,Russia,Male,25-54,126040
2016,Russia,Male,55-64,1906779
2016,Russia,Male,65+,2914239
2016,Russia,Female,0-14,2140813
2016,Russia,Female,15-24,1302798
2016,Russia,Female,25-54,2077862
2016,Russia,Female,55-64,1810015
2016,Russia,Female,65+,426456
2016,Germany,Male,0-14,911536
2016,Germany,Male,15-24,1675239
2016,Germany,Male,25-54,2204281
2016,Germany,Male,55-64,2863321
2016,Germany,Male,65+,837404
2016,Germany,Female,0-14,1084796
2016,Germany,Female,15-24,1179130
2016,Germany,Female,25-54,1364910
2016,Germany,Female,55-64,623997
2016,Germany,Female,65+,2809120
2016,Nigeria,Male,0-14,1487672
2016,Nigeria,Male,15-24,1907206
2016,Nigeria,Male,25-54,2613703
2016,Nigeria,Male,55-64,2419398
2016,Nigeria,Male,65+,926606
2016,Nigeria,Female,0-14,1973275
2016,Nigeria,Female,15-24,2091218
2016,Nigeria,Female,25-54,690497
2016,Nigeria,Female,55-64,1684972
2016,Nigeria,Female,65+,2885435
2016,Japan,Male,0-14,1791340
2016,Japan,Male,15-24,2210392
2016,Japan,Male,25-54,1183274
2016,Japan,Male,55-64,2411630
2016,Japan,Male,65+,2659506
2016,Japan,Female,0-14,505813
2016,Japan,Female,15-24,949007
2016,Japan,Female,25-54,978688
2016,Japan,Female,55-64,1648618
2016,Japan,Female,65+,1459171
2016,Indonesia,Male,0-14,390639
2016,Indonesia,Male,15-24,864526
2016,Indonesia,Male,25-54,1899882
2016,Indonesia,Male,55-64,1216439
2016,Indonesia,Male,65+,1309747
2016,Indonesia,Female,0-14,2400257
2016,Indonesia,Female,15-24,358612
2016,Indonesia,Female,25-54,1563576
2016,Indonesia,Female,55-64,942403
2016,Indonesia,Female,65+,1859660
2016,Mexico,Male,0-14,498825
2016,Mexico,Male,15-24,1192251
2016,Mexico,Male,25-54,907799
2016,Mexico,Male,55-64,2711533
2016,Mexico,Male,65+,2821713
2016,Mexico,Female,0-14,1658235
2016,Mexico,Female,15-24,552585
2016,Mexico,Female,25-54,1535530
2016,Mexico,Female,55-64,2354045
2016,Mexico,Female,65+,1842224
2017,USA,Male,0-14,1767738
2017,USA,Male,15-24,2555844
2017,USA,Male,25-54,879126
2017,USA,Male,55-64,1700672
2017,USA,Male,65+,2170458
2017,USA,Female,0-14,1974855
2017,USA,Female,15-24,2003915
2017,USA,Female,25-54,2434918
2017,USA,Female,55-64,781491
2017,USA,Female,65+,1579035
2017,India,Male,0-14,2866104
2017,India,Male,15-24,2947050
2017,India,Male,25-54,2175367
2017,India,Male,55-64,397253
2017,India,Male,65+,1710942
2017,India,Female,0-14,2270662
2017,India,Female,15-24,1439628
2017,India,Female,25-54,1281416
2017,India,Female,55-64,421514
2017,India,Female,65+,2774160
2017,China,Male,0-14,2845572
2017,China,Male,15-24,1569684
2017,China,Male,25-54,2950374
2017,China,Male,55-64,852741
2017,China,Male,65+,1205551
2017,China,Female,0-14,2738427
2017,China,Female,15-24,213508
2017,China,Female,25-54,1436991
2017,China,Female,55-64,1807726
2017,China,Female,65+,2349348
2017,Brazil,Male,0-14,1563081
2017,Brazil,Male,15-24,1497092
2017,Brazil,Male,25-54,2173798
2017,Brazil,Male,55-64,2825956
2017,Brazil,Male,65+,226539
2017,Brazil,Female,0-14,671991
2017,Brazil,Female,15-24,2988573
2017,Brazil,Female,25-54,2186614
2017,Brazil,Female,55-64,850844
2017,Brazil,Female,65+,1810071
2017,Russia,Male,0-14,1633332
2017,Russia,Male,15-24,2788720
2017,Russia,Male,25-54,1145322
2017,Russia,Male,55-64,996080
2017,Russia,Male,65+,1422815
2017,Russia,Female,0-14,1095260
2017,Russia,Female,15-24,2594088
2017,Russia,Female,25-54,986173
2017,Russia,Female,55-64,826034
2017,Russia,Female,65+,360506
2017,Germany,Male,0-14,2860866
2017,Germany,Male,15-24,171084
2017,Germany,Male,25-54,1347225
2017,Germany,Male,55-64,626027
2017,Germany,Male,65+,629006
2017,Germany,Female,0-14,1341009
2017,Germany,Female,15-24,1167859
2017,Germany,Female,25-54,1151797
2017,Germany,Female,55-64,453622
2017,Germany,Female,65+,2710872
2017,Nigeria,Male,0-14,569247
2017,Nigeria,Male,15-24,1328877
2017,Nigeria,Male,25-54,1886316
2017,Nigeria,Male,55-64,1682005
2017,Nigeria,Male,65+,2771953
2017,Nigeria,Female,0-14,1874897
2017,Nigeria,Female,15-24,1655330
2017,Nigeria,Female,25-54,2909025
2017,Nigeria,Female,55-64,2886121
2017,Nigeria,Female,65+,1403081
2017,Japan,Male,0-14,2440668
2017,Japan,Male,15-24,1745403
2017,Japan,Male,25-54,737628
2017,Japan,Male,55-64,2631250
2017,Japan,Male,65+,2894948
2017,Japan,Female,0-14,676830
2017,Japan,Female,15-24,412605
2017,Japan,Female,25-54,2782802
2017,Japan,Female,55-64,1165838
2017,Japan,Female,65+,993985
2017,Indonesia,Male,0-14,2576952
2017,Indonesia,Male,15-24,1362434
2017,Indonesia,Male,25-54,2996704
2017,Indonesia,Male,55-64,1317621
2017,Indonesia,Male,65+,2261449
2017,Indonesia,Female,0-14,1562605
2017,Indonesia,Female,15-24,1910867
2017,Indonesia,Female,25-54,2032667
2017,Indonesia,Female,55-64,146438
2017,Indonesia,Female,65+,664000
2017,Mexico,Male,0-14,787198
2017,Mexico,Male,15-24,2757175
2017,Mexico,Male,25-54,2696678
2017,Mexico,Male,55-64,125995
2017,Mexico,Male,65+,2042585
2017,Mexico,Female,0-14,2174735
2017,Mexico,Female,15-24,2371749
2017,Mexico,Female,25-54,2775906
2017,Mexico,Female,55-64,1222482
2017,Mexico,Female,65+,297446
2018,USA,Male,0-14,1820332
2018,USA,Male,15-24,1566182
2018,USA,Male,25-54,2469611
2018,USA,Male,55-64,2773111
2018,USA,Male,65+,110556
2018,USA,Female,0-14,1571838
2018,USA,Female,15-24,2198211
2018,USA,Female,25-54,290377
2018,USA,Female,55-64,274746
2018,USA,Female,65+,2996398
2018,India,Male,0-14,1560636
2018,India,Male,15-24,2954518
2018,India,Male,25-54,1642262
2018,India,Male,55-64,1060210
2018,India,Male,65+,930224
2018,India,Female,0-14,2645933
2018,India,Female,15-24,446317
2018,India,Female,25-54,1212240
2018,India,Female,55-64,1907686
2018,India,Female,65+,1619388
2018,China,Male,0-14,2035966
2018,China,Male,15-24,2793061
2018,China,Male,25-54,2631718
2018,China,Male,55-64,2995030
2018,China,Male,65+,1898330
2018,China,Female,0-14,1526669
2018,China,Female,15-24,2016648
2018,China,Female,25-54,2362609
2018,China,Female,55-64,1759250
2018,China,Female,65+,1354283
2018,Brazil,Male,0-14,1987875
2018,Brazil,Male,15-24,947944
2018,Brazil,Male,25-54,2405449
2018,Brazil,Male,55-64,1283411
2018,Brazil,Male,65+,2202705
2018,Brazil,Female,0-14,1122224
2018,Brazil,Female,15-24,1108358
2018,Brazil,Female,25-54,2839610
2018,Brazil,Female,55-64,478271
2018,Brazil,Female,65+,2211361
2018,Russia,Male,0-14,409943
2018,Russia,Male,15-24,1267795
2018,Russia,Male,25-54,2830816
2018,Russia,Male,55-64,141545
2018,Russia,Male,65+,291309
2018,Russia,Female,0-14,2779788
2018,Russia,Female,15-24,2798753
2018,Russia,Female,25-54,691960
2018,Russia,Female,55-64,2244583
2018,Russia,Female,65+,1424966
2018,Germany,Male,0-14,2002170
2018,Germany,Male,15-24,372779
2018,Germany,Male,25-54,714884
2018,Germany,Male,55-64,2089471
2018,Germany,Male,65+,2267454
2018,Germany,Female,0-14,142209
2018,Germany,Female,15-24,1706513
2018,Germany,Female,25-54,2954140
2018,Germany,Female,55-64,409674
2018,Germany,Female,65+,1564639
2018,Nigeria,Male,0-14,1131475
2018,Nigeria,Male,15-24,1532772
2018,Nigeria,Male,25-54,787873
2018,Nigeria,Male,55-64,2484112
2018,Nigeria,Male,65+,2335481
2018,Nigeria,Female,0-14,184583
2018,Nigeria,Female,15-24,814343
2018,Nigeria,Female,25-54,1191827
2018,Nigeria,Female,55-64,1723665
2018,Nigeria,Female,65+,138279
2018,Japan,Male,0-14,2270356
2018,Japan,Male,15-24,1430422
2018,Japan,Male,25-54,1268520
2018,Japan,Male,55-64,1431151
2018,Japan,Male,65+,1868512
2018,Japan,Female,0-14,1029757
2018,Japan,Female,15-24,451774
2018,Japan,Female,25-54,1297422
2018,Japan,Female,55-64,1853447
2018,Japan,Female,65+,2379001
2018,Indonesia,Male,0-14,1810212
2018,Indonesia,Male,15-24,485440
2018,Indonesia,Male,25-54,1483475
2018,Indonesia,Male,55-64,212479
2018,Indonesia,Male,65+,2940661
2018,Indonesia,Female,0-14,2683624
2018,Indonesia,Female,15-24,2904941
2018,Indonesia,Female,25-54,1497146
2018,Indonesia,Female,55-64,1808267
2018,Indonesia,Female,65+,1140097
2018,Mexico,Male,0-14,2699121
2018,Mexico,Male,15-24,946694
2018,Mexico,Male,25-54,718750
2018,Mexico,Male,55-64,1102698
2018,Mexico,Male,65+,2457661
2018,Mexico,Female,0-14,1164978
2018,Mexico,Female,15-24,1770587
2018,Mexico,Female,25-54,1671015
2018,Mexico,Female,55-64,485560
2018,Mexico,Female,65+,1191900
2019,USA,Male,0-14,1885904
2019,USA,Male,15-24,2360301
2019,USA,Male,25-54,713392
2019,USA,Male,55-64,1236547
2019,USA,Male,65+,229059
2019,USA,Female,0-14,834431
2019,USA,Female,15-24,1205220
2019,USA,Female,25-54,1357117
2019,USA,Female,55-64,252992
2019,USA,Female,65+,719747
2019,India,Male,0-14,1608286
2019,India,Male,15-24,594501
2019,India,Male,25-54,1392648
2019,India,Male,55-64,2383935
2019,India,Male,65+,1708399
2019,India,Female,0-14,1943508
2019,India,Female,15-24,2857567
2019,India,Female,25-54,2353891
2019,India,Female,55-64,204850
2019,India,Female,65+,2740363
2019,China,Male,0-14,959253
2019,China,Male,15-24,1656179
2019,China,Male,25-54,107038
2019,China,Male,55-64,540333
2019,China,Male,65+,2619825
2019,China,Female,0-14,2941198
2019,China,Female,15-24,2841720
2019,China,Female,25-54,1340385
2019,China,Female,55-64,859939
2019,China,Female,65+,2964830
2019,Brazil,Male,0-14,1479260
2019,Brazil,Male,15-24,134415
2019,Brazil,Male,25-54,2993544
2019,Brazil,Male,55-64,2909520
2019,Brazil,Male,65+,1402945
2019,Brazil,Female,0-14,2092479
2019,Brazil,Female,15-24,760200
2019,Brazil,Female,25-54,2823503
2019,Brazil,Female,55-64,2839281
2019,Brazil,Female,65+,2092492
2019,Russia,Male,0-14,201137
2019,Russia,Male,15-24,717626
2019,Russia,Male,25-54,720977
2019,Russia,Male,55-64,1276680
2019,Russia,Male,65+,1381353
2019,Russia,Female,0-14,2612706
2019,Russia,Female,15-24,1383684
2019,Russia,Female,25-54,633171
2019,Russia,Female,55-64,1520730
2019,Russia,Female,65+,295118
2019,Germany,Male,0-14,910044
2019,Germany,Male,15-24,2589832
2019,Germany,Male,25-54,245607
2019,Germany,Male,55-64,1904004
2019,Germany,Male,65+,1438066
2019,Germany,Female,0-14,728595
2019,Germany,Female,15-24,1431636
2019,Germany,Female,25-54,655147
2019,Germany,Female,55-64,2049716
2019,Germany,Female,65+,2650221
2019,Nigeria,Male,0-14,1377702
2019,Nigeria,Male,15-24,2064553
2019,Nigeria,Male,25-54,364875
2019,Nigeria,Male,55-64,2497128
2019,Nigeria,Male,65+,2361812
2019,Nigeria,Female,0-14,1918209
2019,Nigeria,Female,15-24,851515
2019,Nigeria,Female,25-54,1268229
2019,Nigeria,Female,55-64,2076977
2019,Nigeria,Female,65+,2925416
2019,Japan,Male,0-14,428977
2019,Japan,Male,15-24,176806
2019,Japan,Male,25-54,1621484
2019,Japan,Male,55-64,1069745
2019,Japan,Male,65+,1547772
2019,Japan,Female,0-14,1583253
2019,Japan,Female,15-24,1539522
2019,Japan,Female,25-54,788889
2019,Japan,Female,55-64,2286884
2019,Japan,Female,65+,2665879
2019,Indonesia,Male,0-14,562905
2019,Indonesia,Male,15-24,1021588
2019,Indonesia,Male,25-54,2396391
2019,Indonesia,Male,55-64,2474003
2019,Indonesia,Male,65+,517577
2019,Indonesia,Female,0-14,1402132
2019,Indonesia,Female,15-24,1065884
2019,Indonesia,Female,25-54,128226
2019,Indonesia,Female,55-64,463183
2019,Indonesia,Female,65+,1202277
2019,Mexico,Male,0-14,2105678
2019,Mexico,Male,15-24,1110292
2019,Mexico,Male,25-54,2807503
2019,Mexico,Male,55-64,482015
2019,Mexico,Male,65+,1975361
2019,Mexico,Female,0-14,777656
2019,Mexico,Female,15-24,1674140
2019,Mexico,Female,25-54,838975
2019,Mexico,Female,55-64,2386033
2019,Mexico,Female,65+,1314331
2020,USA,Male,0-14,1335101
2020,USA,Male,15-24,1197698
2020,USA,Male,25-54,2449184
2020,USA,Male,55-64,2866169
2020,USA,Male,65+,104295
2020,USA,Female,0-14,2848009
2020,USA,Female,15-24,711347
2020,USA,Female,25-54,1066651
2020,USA,Female,55-64,562070
2020,USA,Female,65+,1622232
2020,India,Male,0-14,2049533
2020,India,Male,15-24,628281
2020,India,Male,25-54,2601504
2020,India,Male,55-64,1993373
2020,India,Male,65+,1599542
2020,India,Female,0-14,2333820
2020,India,Female,15-24,1473685
2020,India,Female,25-54,1161270
2020,India,Female,55-64,1934231
2020,India,Female,65+,1660470
2020,China,Male,0-14,1169317
2020,China,Male,15-24,2873234
2020,China,Male,25-54,2813282
2020,China,Male,55-64,1341254
2020,China,Male,65+,2165778
2020,China,Female,0-14,1265519
2020,China,Female,15-24,1258096
2020,China,Female,25-54,1177238
2020,China,Female,55-64,1972224
2020,China,Female,65+,2433429
2020,Brazil,Male,0-14,147504
2020,Brazil,Male,15-24,1321878
2020,Brazil,Male,25-54,122405
2020,Brazil,Male,55-64,1088290
2020,Brazil,Male,65+,2516147
2020,Brazil,Female,0-14,2740232
2020,Brazil,Female,15-24,2857836
2020,Brazil,Female,25-54,861537
2020,Brazil,Female,55-64,2704505
2020,Brazil,Female,65+,2021396
2020,Russia,Male,0-14,1292364
2020,Russia,Male,15-24,643380
2020,Russia,Male,25-54,1142812
2020,Russia,Male,55-64,1659713
2020,Russia,Male,65+,1834233
2020,Russia,Female,0-14,1027203
2020,Russia,Female,15-24,2400294
2020,Russia,Female,25-54,1160581
2020,Russia,Female,55-64,1380755
2020,Russia,Female,65+,2085036
2020,Germany,Male,0-14,396469
2020,Germany,Male,15-24,1323161
2020,Germany,Male,25-54,2936784
2020,Germany,Male,55-64,961083
2020,Germany,Male,65+,1855651
2020,Germany,Female,0-14,478249
2020,Germany,Female,15-24,1376322
2020,Germany,Female,25-54,1042663
2020,Germany,Female,55-64,2345235
2020,Germany,Female,65+,991270
2020,Nigeria,Male,0-14,572677
2020,Nigeria,Male,15-24,2764254
2020,Nigeria,Male,25-54,947983
2020,Nigeria,Male,55-64,1372500
2020,Nigeria,Male,65+,1713910
2020,Nigeria,Female,0-14,2652048
2020,Nigeria,Female,15-24,395453
2020,Nigeria,Female,25-54,530676
2020,Nigeria,Female,55-64,1851240
2020,Nigeria,Female,65+,389793
2020,Japan,Male,0-14,2830419
2020,Japan,Male,15-24,793938
2020,Japan,Male,25-54,2654170
2020,Japan,Male,55-64,2585707
2020,Japan,Male,65+,1355256
2020,Japan,Female,0-14,218622
2020,Japan,Female,15-24,1619219
2020,Japan,Female,25-54,2480803
2020,Japan,Female,55-64,1799868
2020,Japan,Female,65+,591466
2020,Indonesia,Male,0-14,1636765
2020,Indonesia,Male,15-24,2116649
2020,Indonesia,Male,25-54,1770490
2020,Indonesia,Male,55-64,291883
2020,Indonesia,Male,65+,2568128
2020,Indonesia,Female,0-14,1090648
2020,Indonesia,Female,15-24,1676465
2020,Indonesia,Female,25-54,2846250
2020,Indonesia,Female,55-64,1754404
2020,Indonesia,Female,65+,1156236
2020,Mexico,Male,0-14,1438464
2020,Mexico,Male,15-24,2738113
2020,Mexico,Male,25-54,2228077
2020,Mexico,Male,55-64,1845815
2020,Mexico,Male,65+,2727500
2020,Mexico,Female,0-14,366985
2020,Mexico,Female,15-24,2678878
2020,Mexico,Female,25-54,984611
2020,Mexico,Female,55-64,1579728
2020,Mexico,Female,65+,731458
2021,USA,Male,0-14,2762626
2021,USA,Male,15-24,2180534
2021,USA,Male,25-54,1731413
2021,USA,Male,55-64,1285929
2021,USA,Male,65+,2719038
2021,USA,Female,0-14,1320601
2021,USA,Female,15-24,850163
2021,USA,Female,25-54,728968
2021,USA,Female,55-64,913834
2021,USA,Female,65+,2313223
2021,India,Male,0-14,233003
2021,India,Male,15-24,402107
2021,India,Male,25-54,1188596
2021,India,Male,55-64,734204
2021,India,Male,65+,1181605
2021,India,Female,0-14,623238
2021,India,Female,15-24,1203668
2021,India,Female,25-54,990531
2021,India,Female,55-64,848533
2021,India,Female,65+,2158998
2021,China,Male,0-14,2245426
2021,China,Male,15-24,140159
2021,China,Male,25-54,2462101
2021,China,Male,55-64,2928731
2021,China,Male,65+,1644786
2021,China,Female,0-14,260626
2021,China,Female,15-24,2036686
2021,China,Female,25-54,1387193
2021,China,Female,55-64,500331
2021,China,Female,65+,2870438
2021,Brazil,Male,0-14,1744030
2021,Brazil,Male,15-24,2252345
2021,Brazil,Male,25-54,957786
2021,Brazil,Male,55-64,1603281
2021,Brazil,Male,65+,1739491
2021,Brazil,Female,0-14,2103715
2021,Brazil,Female,15-24,175678
2021,Brazil,Female,25-54,1268368
2021,Brazil,Female,55-64,1943081
2021,Brazil,Female,65+,1013697
2021,Russia,Male,0-14,1763778
2021,Russia,Male,15-24,1076422
2021,Russia,Male,25-54,680352
2021,Russia,Male,55-64,2796564
2021,Russia,Male,65+,1137428
2021,Russia,Female,0-14,2009110
2021,Russia,Female,15-24,1579192
2021,Russia,Female,25-54,1626349
2021,Russia,Female,55-64,505837
2021,Russia,Female,65+,2857872
2021,Germany,Male,0-14,1754523
2021,Germany,Male,15-24,1084859
2021,Germany,Male,25-54,2754531
2021,Germany,Male,55-64,1152825
2021,Germany,Male,65+,544969
2021,Germany,Female,0-14,2164841
2021,Germany,Female,15-24,1679200
2021,Germany,Female,25-54,984375
2021,Germany,Female,55-64,2156165
2021,Germany,Female,65+,957696
2021,Nigeria,Male,0-14,2753605
2021,Nigeria,Male,15-24,2511835
2021,Nigeria,Male,25-54,203630
2021,Nigeria,Male,55-64,2300130
2021,Nigeria,Male,65+,108029
2021,Nigeria,Female,0-14,1933173
2021,Nigeria,Female,15-24,1185224
2021,Nigeria,Female,25-54,2992640
2021,Nigeria,Female,55-64,1018159
2021,Nigeria,Female,65+,1634624
2021,Japan,Male,0-14,2721897
2021,Japan,Male,15-24,2296253
2021,Japan,Male,25-54,1326893
2021,Japan,Male,55-64,2606797
2021,Japan,Male,65+,2815152
2021,Japan,Female,0-14,884831
2021,Japan,Female,15-24,2366820
2021,Japan,Female,25-54,1076011
2021,Japan,Female,55-64,945720
2021,Japan,Female,65+,1732715
2021,Indonesia,Male,0-14,1282835
2021,Indonesia,Male,15-24,2866963
2021,Indonesia,Male,25-54,984267
2021,Indonesia,Male,55-64,1402754
2021,Indonesia,Male,65+,1463628
2021,Indonesia,Female,0-14,2348862
2021,Indonesia,Female,15-24,287895
2021,Indonesia,Female,25-54,2368991
2021,Indonesia,Female,55-64,2455005
2021,Indonesia,Female,65+,1457044
2021,Mexico,Male,0-14,1382623
2021,Mexico,Male,15-24,1181606
2021,Mexico,Male,25-54,2866510
2021,Mexico,Male,55-64,110394
2021,Mexico,Male,65+,1986167
2021,Mexico,Female,0-14,1551067
2021,Mexico,Female,15-24,939724
2021,Mexico,Female,25-54,572636
2021,Mexico,Female,55-64,1541700
2021,Mexico,Female,65+,1576625
2022,USA,Male,0-14,913185
2022,USA,Male,15-24,1766133
2022,USA,Male,25-54,1699438
2022,USA,Male,55-64,1435700
2022,USA,Male,65+,2033445
2022,USA,Female,0-14,2221489
2022,USA,Female,15-24,1799603
2022,USA,Female,25-54,2087013
2022,USA,Female,55-64,985420
2022,USA,Female,65+,2157425
2022,India,Male,0-14,552261
2022,India,Male,15-24,2772661
2022,India,Male,25-54,471908
2022,India,Male,55-64,593695
2022,India,Male,65+,1986018
2022,India,Female,0-14,2055730
2022,India,Female,15-24,2758229
2022,India,Female,25-54,404621
2022,India,Female,55-64,2986096
2022,India,Female,65+,1892616
2022,China,Male,0-14,1378585
2022,China,Male,15-24,2924722
2022,China,Male,25-54,806025
2022,China,Male,55-64,2951259
2022,China,Male,65+,2911523
2022,China,Female,0-14,461385
2022,China,Female,15-24,2115774
2022,China,Female,25-54,1695093
2022,China,Female,55-64,238406
2022,China,Female,65+,2360593
2022,Brazil,Male,0-14,2078843
2022,Brazil,Male,15-24,1108829
2022,Brazil,Male,25-54,2634652
2022,Brazil,Male,55-64,1722696
2022,Brazil,Male,65+,1571944
2022,Brazil,Female,0-14,1208229
2022,Brazil,Female,15-24,2648296
2022,Brazil,Female,25-54,1065232
2022,Brazil,Female,55-64,752365
2022,Brazil,Female,65+,767969
2022,Russia,Male,0-14,2038197
2022,Russia,Male,15-24,2332697
2022,Russia,Male,25-54,484458
2022,Russia,Male,55-64,1975520
2022,Russia,Male,65+,1785445
2022,Russia,Female,0-14,270890
2022,Russia,Female,15-24,2081877
2022,Russia,Female,25-54,745100
2022,Russia,Female,55-64,835333
2022,Russia,Female,65+,1573661
2022,Germany,Male,0-14,2097132
2022,Germany,Male,15-24,715900
2022,Germany,Male,25-54,1023282
2022,Germany,Male,55-64,2570930
2022,Germany,Male,65+,2461021
2022,Germany,Female,0-14,1354391
2022,Germany,Female,15-24,1799732
2022,Germany,Female,25-54,2804324
2022,Germany,Female,55-64,2039653
2022,Germany,Female,65+,2073241
2022,Nigeria,Male,0-14,2765343
2022,Nigeria,Male,15-24,2617874
2022,Nigeria,Male,25-54,631567
2022,Nigeria,Male,55-64,167476
2022,Nigeria,Male,65+,584562
2022,Nigeria,Female,0-14,2288072
2022,Nigeria,Female,15-24,473595
2022,Nigeria,Female,25-54,2904095
2022,Nigeria,Female,55-64,1878716
2022,Nigeria,Female,65+,613475
2022,Japan,Male,0-14,1892565
2022,Japan,Male,15-24,2771474
2022,Japan,Male,25-54,2961640
2022,Japan,Male,55-64,1157002
2022,Japan,Male,65+,710446
2022,Japan,Female,0-14,1336554
2022,Japan,Female,15-24,570713
2022,Japan,Female,25-54,2677387
2022,Japan,Female,55-64,679048
2022,Japan,Female,65+,2761198
2022,Indonesia,Male,0-14,2710651
2022,Indonesia,Male,15-24,670111
2022,Indonesia,Male,25-54,2459844
2022,Indonesia,Male,55-64,1790189
2022,Indonesia,Male,65+,998416
2022,Indonesia,Female,0-14,2934969
2022,Indonesia,Female,15-24,1346906
2022,Indonesia,Female,25-54,724009
2022,Indonesia,Female,55-64,2866298
2022,Indonesia,Female,65+,1785854
2022,Mexico,Male,0-14,384817
2022,Mexico,Male,15-24,2138078
2022,Mexico,Male,25-54,2007472
2022,Mexico,Male,55-64,2637909
2022,Mexico,Male,65+,1913106
2022,Mexico,Female,0-14,1590918
2022,Mexico,Female,15-24,2252229
2022,Mexico,Female,25-54,1614220
2022,Mexico,Female,55-64,2399274
2022,Mexico,Female,65+,1992810
2023,USA,Male,0-14,2711897
2023,USA,Male,15-24,2370529
2023,USA,Male,25-54,2814182
2023,USA,Male,55-64,1474369
2023,USA,Male,65+,2633630
2023,USA,Female,0-14,1868706
2023,USA,Female,15-24,2335208
2023,USA,Female,25-54,1212221
2023,USA,Female,55-64,315604
2023,USA,Female,65+,2686691
2023,India,Male,0-14,736744
2023,India,Male,15-24,357106
2023,India,Male,25-54,2549517
2023,India,Male,55-64,1593611
2023,India,Male,65+,2973034
2023,India,Female,0-14,1839270
2023,India,Female,15-24,2250675
2023,India,Female,25-54,832976
2023,India,Female,55-64,347115
2023,India,Female,65+,2793558
2023,China,Male,0-14,614308
2023,China,Male,15-24,188617
2023,China,Male,25-54,724476
2023,China,Male,55-64,2343414
2023,China,Male,65+,1176477
2023,China,Female,0-14,2079242
2023,China,Female,15-24,2992283
2023,China,Female,25-54,2342371
2023,China,Female,55-64,1777711
2023,China,Female,65+,390714
2023,Brazil,Male,0-14,1050544
2023,Brazil,Male,15-24,1396716
2023,Brazil,Male,25-54,2010857
2023,Brazil,Male,55-64,1040485
2023,Brazil,Male,65+,1527279
2023,Brazil,Female,0-14,552837
2023,Brazil,Female,15-24,1726324
2023,Brazil,Female,25-54,1932240
2023,Brazil,Female,55-64,2887000
2023,Brazil,Female,65+,2196336
2023,Russia,Male,0-14,780679
2023,Russia,Male,15-24,108615
2023,Russia,Male,25-54,689282
2023,Russia,Male,55-64,2057095
2023,Russia,Male,65+,2480551
2023,Russia,Female,0-14,1557353
2023,Russia,Female,15-24,2674715
2023,Russia,Female,25-54,2666516
2023,Russia,Female,55-64,1997069
2023,Russia,Female,65+,1470561
2023,Germany,Male,0-14,815087
2023,Germany,Male,15-24,2552337
2023,Germany,Male,25-54,2162598
2023,Germany,Male,55-64,2764488
2023,Germany,Male,65+,560162
2023,Germany,Female,0-14,413211
2023,Germany,Female,15-24,770911
2023,Germany,Female,25-54,441538
2023,Germany,Female,55-64,806437
2023,Germany,Female,65+,2121604
2023,Nigeria,Male,0-14,194049
2023,Nigeria,Male,15-24,2281038
2023,Nigeria,Male,25-54,2743104
2023,Nigeria,Male,55-64,1666445
2023,Nigeria,Male,65+,591678
2023,Nigeria,Female,0-14,552671
2023,Nigeria,Female,15-24,2725440
2023,Nigeria,Female,25-54,2278823
2023,Nigeria,Female,55-64,534573
2023,Nigeria,Female,65+,1803501
2023,Japan,Male,0-14,1698738
2023,Japan,Male,15-24,1253709
2023,Japan,Male,25-54,2612845
2023,Japan,Male,55-64,1667318
2023,Japan,Male,65+,703750
2023,Japan,Female,0-14,906537
2023,Japan,Female,15-24,1118292
2023,Japan,Female,25-54,573943
2023,Japan,Female,55-64,584564
2023,Japan,Female,65+,338664
2023,Indonesia,Male,0-14,593944
2023,Indonesia,Male,15-24,2579363
2023,Indonesia,Male,25-54,2957762
2023,Indonesia,Male,55-64,2720844
2023,Indonesia,Male,65+,1061814
2023,Indonesia,Female,0-14,2101060
2023,Indonesia,Female,15-24,1606917
2023,Indonesia,Female,25-54,2280149
2023,Indonesia,Female,55-64,1886484
2023,Indonesia,Female,65+,2369297
2023,Mexico,Male,0-14,956918
2023,Mexico,Male,15-24,1868064
2023,Mexico,Male,25-54,2940723
2023,Mexico,Male,55-64,2014479
2023,Mexico,Male,65+,1808491
2023,Mexico,Female,0-14,591746
2023,Mexico,Female,15-24,405646
2023,Mexico,Female,25-54,1301596
2023,Mexico,Female,55-64,1194539
2023,Mexico,Female,65+,849173
